Seed,Missing Rate,Method,Feature,MAE,RMSE
42,10%,KNN,age,11.007272727272728,14.80472828647536
42,10%,KNN,avg_glucose_level,28.06962105263158,41.97285053685864
42,10%,KNN,bmi,5.300454545454546,7.490699081345661
42,10%,MICE,age,14.00191048429166,18.129162655048916
42,10%,MICE,avg_glucose_level,44.52034457807903,58.81594457660148
42,10%,MICE,bmi,7.858547722141551,10.208810824747829
42,10%,MissForest,age,10.526072727272728,13.583151613285297
42,10%,MissForest,avg_glucose_level,28.763673596491223,41.2320187007793
42,10%,MissForest,bmi,5.397454545454547,7.470940484789899
42,20%,KNN,age,13.06046231155779,16.451934544951143
42,20%,KNN,avg_glucose_level,32.13445410628019,44.4925378056419
42,20%,KNN,bmi,5.631014492753625,7.43741799776172
42,20%,MICE,age,15.799880848837672,20.111903356727552
42,20%,MICE,avg_glucose_level,44.589973181355305,56.615152077945616
42,20%,MICE,bmi,8.681840498841543,10.662390773209918
42,20%,MissForest,age,11.671636180904523,15.339248131449956
42,20%,MissForest,avg_glucose_level,29.585708140096617,40.90328115860442
42,20%,MissForest,bmi,5.236574879227053,7.144814269922685
42,30%,KNN,age,14.290798679867985,17.83001572940672
42,30%,KNN,avg_glucose_level,33.557766990291256,46.227066422943146
42,30%,KNN,bmi,5.673762711864407,7.807157949871214
42,30%,MICE,age,16.616851115673708,20.847525973464233
42,30%,MICE,avg_glucose_level,40.91483303285229,53.84460572213261
42,30%,MICE,bmi,7.948201595755616,10.079603047002637
42,30%,MissForest,age,12.838281188118813,16.674758588822556
42,30%,MissForest,avg_glucose_level,31.40503781553398,43.53652122597102
42,30%,MissForest,bmi,5.515705084745763,7.568511366740132
123,10%,KNN,age,12.561846153846153,15.704525000601116
123,10%,KNN,avg_glucose_level,37.2190495049505,50.04106030961865
123,10%,KNN,bmi,5.764631578947368,7.574594100641543
123,10%,MICE,age,16.299948190670207,19.793957189215412
123,10%,MICE,avg_glucose_level,46.279550193255524,61.64763849849206
123,10%,MICE,bmi,6.771241148030439,8.51521475547481
123,10%,MissForest,age,11.09618021978022,14.485366108419388
123,10%,MissForest,avg_glucose_level,35.15975445544554,47.625906584856786
123,10%,MissForest,bmi,5.035663157894735,6.680128610485848
123,20%,KNN,age,13.855795918367347,17.073583146761777
123,20%,KNN,avg_glucose_level,33.849269035533,48.86277621701941
123,20%,KNN,bmi,5.734918918918919,7.84960443141753
123,20%,MICE,age,15.742943724297364,19.81165120660464
123,20%,MICE,avg_glucose_level,47.54602227161648,60.04168775758856
123,20%,MICE,bmi,7.605942450211461,10.199271207451241
123,20%,MissForest,age,11.139604081632653,14.616100099296428
123,20%,MissForest,avg_glucose_level,32.23062690355331,45.450502518856695
123,20%,MissForest,bmi,6.113956756756758,8.738363049128733
123,30%,KNN,age,15.129383050847457,18.657030386988627
123,30%,KNN,avg_glucose_level,33.091528619528624,47.239179718158155
123,30%,KNN,bmi,5.831661016949153,8.317587900021032
123,30%,MICE,age,15.437171732038701,19.525340321197557
123,30%,MICE,avg_glucose_level,42.89844304829073,56.66853279448464
123,30%,MICE,bmi,7.786359083445116,10.40432802745048
123,30%,MissForest,age,12.860936949152542,17.115144901729185
123,30%,MissForest,avg_glucose_level,35.17594141414141,47.816786152801626
123,30%,MissForest,bmi,6.062820338983049,8.238022796763795
202,10%,KNN,age,9.828271844660195,12.621037786018887
202,10%,KNN,avg_glucose_level,33.11722330097088,46.322711161580585
202,10%,KNN,bmi,5.770769230769232,7.89124121492227
202,10%,MICE,age,11.887857871256996,15.584692849352367
202,10%,MICE,avg_glucose_level,44.64106587199668,58.0869410581799
202,10%,MICE,bmi,6.998144025996935,9.383652713706354
202,10%,MissForest,age,9.76221359223301,13.450227451875467
202,10%,MissForest,avg_glucose_level,33.591142394822015,47.52790441626337
202,10%,MissForest,bmi,5.474912087912089,7.39979464743285
202,20%,KNN,age,13.141866666666667,16.455473751337347
202,20%,KNN,avg_glucose_level,31.90376649746193,44.24336118876128
202,20%,KNN,bmi,6.454615384615386,9.594715922129932
202,20%,MICE,age,15.339234318984234,19.640986888820052
202,20%,MICE,avg_glucose_level,38.27247288444197,50.53605677025091
202,20%,MICE,bmi,8.192315390350599,11.204883873800028
202,20%,MissForest,age,11.457493333333332,15.339056525825708
202,20%,MissForest,avg_glucose_level,31.56737907179115,44.06471432440635
202,20%,MissForest,bmi,6.00839010989011,9.320951030629043
202,30%,KNN,age,16.16147239263804,20.148404699290225
202,30%,KNN,avg_glucose_level,31.96191519434629,46.220768458611694
202,30%,KNN,bmi,6.1715412186379925,8.919744198077645
202,30%,MICE,age,16.059690978157363,20.47561700296583
202,30%,MICE,avg_glucose_level,42.86556069973864,55.80792512793943
202,30%,MICE,bmi,7.900238797932347,10.804508439890558
202,30%,MissForest,age,12.036892024539878,16.182227582195324
202,30%,MissForest,avg_glucose_level,35.82518371024736,49.576649132352955
202,30%,MissForest,bmi,5.973068100358424,8.638552161976978
456,10%,KNN,age,10.992627450980395,14.079561980709038
456,10%,KNN,avg_glucose_level,34.129999999999995,43.495600745666394
456,10%,KNN,bmi,5.8133333333333335,8.977393367045172
456,10%,MICE,age,14.277263278798054,18.1862531813995
456,10%,MICE,avg_glucose_level,39.33484665687269,52.43026824193199
456,10%,MICE,bmi,7.3615707132018775,9.924490924649051
456,10%,MissForest,age,9.728070588235296,13.317498068154324
456,10%,MissForest,avg_glucose_level,30.041613144654093,39.76030762411958
456,10%,MissForest,bmi,5.562187499999997,8.480190088523957
456,20%,KNN,age,12.180817204301073,15.556305612229249
456,20%,KNN,avg_glucose_level,36.558521739130434,47.2336554884537
456,20%,KNN,bmi,6.362814070351759,9.87167777586732
456,20%,MICE,age,15.245349539723755,18.986368470168603
456,20%,MICE,avg_glucose_level,43.677107608114454,56.28864749770123
456,20%,MICE,bmi,7.855520091773828,10.99925380422988
456,20%,MissForest,age,10.453774193548387,14.245050042764335
456,20%,MissForest,avg_glucose_level,34.02415601564298,47.55817445173604
456,20%,MissForest,bmi,5.928623115577889,9.261835608788417
456,30%,KNN,age,13.942428070175438,17.735965497833796
456,30%,KNN,avg_glucose_level,35.25613289036545,46.30821231933516
456,30%,KNN,bmi,5.8860899653979235,8.73577919033464
456,30%,MICE,age,15.432127023588391,19.747923056798214
456,30%,MICE,avg_glucose_level,41.87771532931451,56.37881686032812
456,30%,MICE,bmi,7.767243980258504,10.498270935008906
456,30%,MissForest,age,11.84008842105263,15.598423309741749
456,30%,MissForest,avg_glucose_level,32.98087821547223,45.477594018681586
456,30%,MissForest,bmi,5.674719723183392,8.414576162826027
789,10%,KNN,age,12.317647058823528,16.366780204869553
789,10%,KNN,avg_glucose_level,30.08574757281553,42.77068017964089
789,10%,KNN,bmi,6.446607142857142,8.548620816081554
789,10%,MICE,age,14.278121962614023,17.76550214472034
789,10%,MICE,avg_glucose_level,39.462152904182204,54.337382873810135
789,10%,MICE,bmi,6.909970074534662,9.589805693250693
789,10%,MissForest,age,11.651298039215684,15.383231945945075
789,10%,MissForest,avg_glucose_level,29.412230291262137,43.003716239285126
789,10%,MissForest,bmi,5.482901785714284,7.684609870778829
789,20%,KNN,age,14.550507772020726,18.266516449844378
789,20%,KNN,avg_glucose_level,30.87859793814433,45.8226775833453
789,20%,KNN,bmi,6.143725490196077,9.37222806079373
789,20%,MICE,age,15.688033488605404,19.474106093422936
789,20%,MICE,avg_glucose_level,43.19348317626684,55.612488648719264
789,20%,MICE,bmi,7.806383801209257,10.795415305142761
789,20%,MissForest,age,11.909716062176164,15.569463025099749
789,20%,MissForest,avg_glucose_level,34.6483912371134,49.00288229628811
789,20%,MissForest,bmi,5.503014705882352,8.334281340684768
789,30%,KNN,age,17.202722807017544,21.131210395335373
789,30%,KNN,avg_glucose_level,30.58256140350878,45.001583699071766
789,30%,KNN,bmi,6.214645161290322,8.726319920495621
789,30%,MICE,age,17.402110547323947,22.56480748155559
789,30%,MICE,avg_glucose_level,43.26390075185821,55.44855826842092
789,30%,MICE,bmi,7.664726793498266,10.215221216921622
789,30%,MissForest,age,12.634321403508773,17.15106648772156
789,30%,MissForest,avg_glucose_level,34.32607754385965,47.25054703636068
789,30%,MissForest,bmi,5.90479677419355,8.406872902763896
