Missing Rate,Method,Feature,MAE Mean,MAE Std,RMSE Mean,RMSE Std
10%,KNN,age,11.3415,1.1142,14.7153,1.4581
10%,KNN,avg_glucose_level,32.5243,3.5623,44.9206,3.2988
10%,KNN,bmi,5.8192,0.4087,8.0965,0.6446
10%,MICE,age,14.149,1.5648,17.8919,1.5083
10%,MICE,avg_glucose_level,42.8476,3.2247,57.0636,3.6753
10%,MICE,bmi,7.1799,0.4377,9.5244,0.6463
10%,MissForest,age,10.5528,0.8378,14.0439,0.8777
10%,MissForest,avg_glucose_level,31.3937,2.8144,43.83,3.6083
10%,MissForest,bmi,5.3906,0.2068,7.5431,0.6459
20%,KNN,age,13.3579,0.8932,16.7608,1.0006
20%,KNN,avg_glucose_level,33.0649,2.2257,46.131,1.9379
20%,KNN,bmi,6.0654,0.3688,8.8251,1.1028
20%,MICE,age,15.5631,0.2525,19.605,0.4186
20%,MICE,avg_glucose_level,43.4558,3.3541,55.8188,3.4146
20%,MICE,bmi,8.0284,0.4218,10.7722,0.3807
20%,MissForest,age,11.3264,0.5641,15.0218,0.5633
20%,MissForest,avg_glucose_level,32.4113,2.0208,45.3959,3.1482
20%,MissForest,bmi,5.7581,0.3726,8.56,0.8884
30%,KNN,age,15.3454,1.3456,19.1005,1.4912
30%,KNN,avg_glucose_level,32.89,1.7515,46.1994,0.7951
30%,KNN,bmi,5.9555,0.231,8.5013,0.4462
30%,MICE,age,16.1896,0.8381,20.6322,1.2055
30%,MICE,avg_glucose_level,42.3641,0.9596,55.6297,1.1058
30%,MICE,bmi,7.8134,0.1126,10.4004,0.2784
30%,MissForest,age,12.4421,0.4733,16.5443,0.6589
30%,MissForest,avg_glucose_level,33.9426,1.7732,46.7316,2.3088
30%,MissForest,bmi,5.8262,0.2253,8.2533,0.4084
