Seed,Missing Rate,Method,MAE,RMSE,F1,Rq
42,10%,KNN,14.97437588652482,26.228670205555087,0.18292682926829268,0.975609756097561
42,10%,MICE,22.365865505002972,36.239172425716475,0.1875,1.0
42,10%,MissForest,15.069525502364067,25.591232589899505,0.17964071856287425,0.9580838323353293
42,20%,KNN,16.992632952691682,27.839176130203327,0.15172413793103448,0.8091954022988506
42,20%,MICE,23.118175727111655,35.384588980673236,0.1342281879194631,0.7158836689038032
42,20%,MissForest,15.547908947797715,25.663065215875964,0.17177914110429449,0.9161554192229039
42,30%,KNN,18.05206394707828,29.224114031273892,0.13333333333333333,0.7111111111111111
42,30%,MICE,22.075312862126125,34.14617437815156,0.15894039735099338,0.847682119205298
42,30%,MissForest,16.782016411245866,27.518344581069414,0.16470588235294117,0.8784313725490196
123,10%,KNN,18.989170731707315,31.279841568166816,0.14965986394557823,0.7981859410430839
123,10%,MICE,23.696159456211458,38.544321555958334,0.14705882352941177,0.7843137254901961
123,10%,MissForest,17.558451567944246,29.65682737541193,0.1437908496732026,0.7668845315904139
123,20%,KNN,18.070937716262975,30.534055527929777,0.18705035971223022,0.9976019184652278
123,20%,MICE,23.977997769480712,37.35087509795739,0.11842105263157894,0.631578947368421
123,20%,MissForest,16.719511937716266,28.301098537243966,0.16766467065868262,0.8942115768463074
123,30%,KNN,18.051512965050733,29.76535803359494,0.12903225806451613,0.6881720430107526
123,30%,MICE,22.087687909706954,35.1861222422683,0.07352941176470588,0.39215686274509803
123,30%,MissForest,18.07188613303269,29.758671803500498,0.13924050632911392,0.7426160337552742
202,10%,KNN,16.661703703703704,28.60919729843195,0.2054794520547945,1.095890410958904
202,10%,MICE,21.748519366736872,35.79596504778229,0.1610738255033557,0.8590604026845637
202,10%,MissForest,16.712500561167232,29.375276834055732,0.18666666666666668,0.9955555555555556
202,20%,KNN,17.350719864176572,27.923056622030973,0.16793893129770993,0.8956743002544529
202,20%,MICE,20.801218618447482,32.10176622315069,0.18543046357615894,0.9889624724061811
202,20%,MissForest,16.49978654862964,27.571087112270046,0.20689655172413793,1.103448275862069
202,30%,KNN,18.0582454954955,29.23826187302959,0.1875,1.0
202,30%,MICE,22.038940947667186,34.39725465548703,0.17518248175182483,0.9343065693430658
202,30%,MissForest,17.712882646396398,30.04797166333614,0.2,1.0666666666666667
456,10%,KNN,17.424697368421054,27.41582761836673,0.16149068322981366,0.8612836438923396
456,10%,MICE,20.83054404122792,33.17507044859565,0.16326530612244897,0.8707482993197279
456,10%,MissForest,15.495540109649124,25.168347230108207,0.16149068322981366,0.8612836438923396
456,20%,KNN,18.749064189189188,29.814320426487054,0.14666666666666667,0.7822222222222223
456,20%,MICE,22.70277835731639,35.52184972953818,0.16455696202531644,0.8776371308016877
456,20%,MissForest,17.174321444658943,29.722886211885665,0.16766467065868262,0.8942115768463074
456,30%,KNN,18.613449142857142,29.41690831093088,0.16417910447761194,0.8756218905472637
456,30%,MICE,21.9978080298755,35.45211753291371,0.16216216216216217,0.8648648648648649
456,30%,MissForest,17.076186906122448,28.532446317288976,0.1625,0.8666666666666667
789,10%,KNN,16.01656782334385,26.57818848923089,0.16883116883116883,0.9004329004329005
789,10%,MICE,19.857687185063973,33.066480872948794,0.17218543046357615,0.9183222958057394
789,10%,MissForest,15.24283003154574,26.41763294030908,0.16666666666666666,0.8888888888888888
789,20%,KNN,17.008487309644668,28.784213841216033,0.17518248175182483,0.9343065693430658
789,20%,MICE,21.996325710563955,34.34081014405134,0.18421052631578946,0.9824561403508771
789,20%,MissForest,17.162399492385788,29.85592783891706,0.16560509554140126,0.8832271762208067
789,30%,KNN,17.66516590909091,28.76298525006496,0.15625,0.8333333333333334
789,30%,MICE,22.347589234376564,34.60338558638527,0.14193548387096774,0.7569892473118279
789,30%,MissForest,17.288864431818183,29.038371805054418,0.13924050632911392,0.7426160337552742
