Seed,Missing Rate,MAE,RMSE,F1,Rq
42,10%,14.97437588652482,26.228670205555087,0.18292682926829268,0.975609756097561
123,10%,18.989170731707315,31.279841568166816,0.14965986394557823,0.7981859410430839
202,10%,16.661703703703704,28.60919729843195,0.2054794520547945,1.095890410958904
456,10%,17.424697368421054,27.41582761836673,0.16149068322981366,0.8612836438923396
789,10%,16.01656782334385,26.57818848923089,0.16883116883116883,0.9004329004329005
42,20%,16.992632952691682,27.839176130203327,0.15172413793103448,0.8091954022988506
123,20%,18.070937716262975,30.534055527929777,0.18705035971223022,0.9976019184652278
202,20%,17.350719864176572,27.923056622030973,0.16793893129770993,0.8956743002544529
456,20%,18.749064189189188,29.814320426487054,0.14666666666666667,0.7822222222222223
789,20%,17.008487309644668,28.784213841216033,0.17518248175182483,0.9343065693430658
42,30%,18.05206394707828,29.224114031273892,0.13333333333333333,0.7111111111111111
123,30%,18.051512965050733,29.76535803359494,0.12903225806451613,0.6881720430107526
202,30%,18.0582454954955,29.23826187302959,0.1875,1.0
456,30%,18.613449142857142,29.41690831093088,0.16417910447761194,0.8756218905472637
789,30%,17.66516590909091,28.76298525006496,0.15625,0.8333333333333334
