Missing Rate,Method,MAE Mean,MAE Std,RMSE Mean,RMSE Std,F1 Mean,F1 Std,Rq Mean,Rq Std
10%,KNN,16.8133,1.5123,28.0223,2.0388,0.1737,0.0215,0.9263,0.1146
10%,MICE,21.6998,1.4646,35.3642,2.2987,0.1662,0.0149,0.8865,0.0796
10%,MissForest,16.0158,1.0757,27.2419,2.1264,0.1677,0.0167,0.8941,0.089
20%,KNN,17.6344,0.7611,28.979,1.1798,0.1657,0.0166,0.8838,0.0888
20%,MICE,22.5193,1.1985,34.94,1.9211,0.1574,0.0301,0.8393,0.1603
20%,MissForest,16.6208,0.6662,28.2228,1.7249,0.1759,0.0175,0.9383,0.0931
30%,KNN,18.0881,0.3385,29.2815,0.3628,0.1541,0.0239,0.8216,0.1274
30%,MICE,22.1095,0.1376,34.757,0.5462,0.1423,0.0403,0.7592,0.2147
30%,MissForest,17.3864,0.5117,28.9792,1.0108,0.1611,0.0249,0.8594,0.1329
